Name,email
Lekáreň LIPA,lekarenlipa@lekarenlipa.sk
LEKÁREŇ V NEMOCNICI,banpharm@apothekeslovakia.sk
Lekáreň SV. LUKÁŠA,lek.svlukasa@gmail.com
Lekáreň VALIKA,lekarenvalika@gmail.com 
Výdajňa zdravotníckych pomôcok,stredisko.547@protetika.sk
Lekáreň NA NÁMESTÍ,ilavamedica@apothekeslovakia.sk
Mojalekáreň Extra,lekaren.comedika@gmail.com
Lekáreň PURUS,lek.purusil@nspzdravie.sk
Lekáreň PRIMA M s.r.o.,mozolakova@lekaren-prima.sk
Lekáreň PEGAS,lekaren.pegas@apothekeslovakia.sk
Lekáreň SCHNEIDER,nmnv@schneider-lekaren.sk
Lekáreň HARMÓNIA,harmonia.lekaren@gmail.com
Lekáreň ORCHIDEA,lekarenorchidea@gmail.com
Lekáreň ARNIKA,lekarenarnikaskacany@gmail.com
Lekáreň SV. LUKÁŠA,sv.lukas@nemocnicapb.sk
Lekáreň PHARMACIA,pharmacia@centrum.sk
Lekáreň ADONIS,lek.adonis@gmail.com
Lekáreň RUŽA,lekaren.zlataruza@gmail.com
Lekáreň SEVER,lekaren.sever.pd@gmail.com
Lekáreň PRI FONTÁNE,lek.prifontane@nspzdravie.sk
Lekáreň Dr.Max,drmax-pu1@drmax.sk
Lekáreň ARIANA,lekarenariana@gmail.com
Lekáreň PURUS,lek.puruslr@nspzdravie.sk
Lekáreň BARBORA,barbora@slovanet.sk
Lekáreň BELLIS,bellis@soslekaren.sk
Lekáreň ZDRAVIE,lek.zdravie@nspzdravie.sk
Lekáreň PANOVCE,panovce@psg.sk
Lekáreň NIKA,lekarennikahs@gmail.com
Lekáreň PROF. ThDr. HLAVÁČA ŠTEFANA,lekarendrhlavaca@gmail.com
"LEKÁREŇ ""M"", s.r.o.",lekarenmteplice@gmail.com
Lekáreň SOBLAHOVSKÁ,soblahovska@soslekaren.sk
"Všeobecná ambulancia pre dospelých, Banská Bystrica, (Praktická ambulancia, s.r.o.)",bb@praktickaambulancia.sk
LEKÁREŇ MARÍNA,lekaren.bohuslavice@gmail.com
Lekáreň INOVECKÁ,inovecka@soslekaren.sk
"Tkanivové zariadenie, Jarková, Šarišské Michaľany, (IMUNA PHARM, a.s.)",imuna@imuna.sk
Lekáreň Nádej,lekaren.jpharm@gmail.com
AMS n. o.,skrabak.sk@gmail.com
"Oftalmologická ambulancia, Bratislava-Petržalka, (Neovízia s. r. o.)",info@neovizia.sk
"Chirurgická ambulancia, Žilina, (KAMALA s.r.o.)",info@kamala.sk
"Všeobecná ambulancia pre dospelých, Šenkvice, (SOFIVA, s.r.o.)",ambulancia.mudrmoravec@gmail.com
Lekáreň Dr. Max,drmax279@drmax.sk
Lekáreň BENU,benu13@benulekaren.sk
Lekáreň Dr. Max,drmax272@drmax.sk
"Dermatovenerologická ambulancia, MUDr. Liliana Gbúriková, Spišská Nová Ves, (L-DERM s.r.o.)",info@lderm.sk
"Nefrologická ambulancia, MUDr. Viktor Jankó, Bratislava-Dúbravka, (Impax Trading spol. s r. o.)",MEDIMPAX@IMPAX.SK
"Kardiologická ambulancia, MUDr. Róbert Popovič, Bratislava-Nové Mesto, (Slovenská zdravotnícka univerzita v Bratislave)",lubica.prochazkova@szu.sk 
"Senior Klub, n. o., Hoštínska 934",info@seniorklubpuchov.sk
"Hepatologická ambulancia, prof. MUDr. Jozef HOLOMÁŇ, CSc., Bratislava-Nové Mesto, (Slovenská zdravotnícka univerzita v Bratislave)",hepatologia@szu.sk
"Všeobecná ambulancia pre dospelých, Turčianske Teplice, (Cor Center, s.r.o.)",cor.center@hotmail.com
"Všeobecná ambulancia pre dospelých, MUDr. Stanislav Gofus, Trhovište, (MUDr. Stanislav Gofus)",stano.gofus@gmail.com
"Všeobecná ambulancia pre deti a dorast, MUDr. Adela Marciová, Slanec, (GO- PED, s.r.o.)",gopedsro@gmail.com
"Všeobecná ambulancia pre dospelých, MUDr. Ladislav Furman, Krompachy, (MUDr. Ladislav Furman)","furmanla07@gmail.com, furmanla@orangemail.sk"
"Psychiatrická ambulancia, Sečovce, (Frenia s.r.o.)",freniasro@gmail.com
Lekáreň BALZAM,balzam@pharmnet.sk
"Ambulancia zubného lekárstva, Bernolákovo, (Family Dental Care - Bernolákovo s.r.o.)",office@familydentalcare.sk
Lekáreň HUMAVET,lekaren.humavet@gmail.com
Lekáreň KUBAČOVA,lekaren.kubacova@pharim.sk
Lekáreň LÁB - pobočka,lab@lekzdravie.sk
"Lekáreň MODRA, s.r.o.",lekaren.modra@pharim.sk
Lekáreň KRYŠTÁL,krystal@soslekaren.sk
Lekáreň Dr. MAX,drmax-ba4@drmax.sk
Lekáreň PLUS,lekaren.plus@pharim.sk
Nemocničná lekáreň s výdajom verejnosti,lekaren@kr.unb.sk
Lekáreň PRI STANICI,lekarenpristanici@gmail.com
Lekáreň SV. ANNY,zahorska@lekarensvanny.sk
Lekáreň SV.FRANTIŠKA - pobočka,lekaren.bahon@pharim.sk
Lekáreň SV. TADEÁŠA,lekaren.tadeas@pharim.sk
Lekáreň TRNAVSKÉ MÝTO,lekaren@tm-lekaren.sk
Lekáreň VESNALA,lekaren.02@vesnala.sk
Lekáreň VERBENA,verbenalekaren@gmail.com
"Gynekologická ambulancia, MUDr. Svetlana Jánošová,PhD., Krompachy, (EMPORIA s.r.o.)",info@gynkrompachy.sk
"Všeobecná ambulancia pre dospelých, MUDr. Ján Dráč, Košice-Sídl.Ťahanovce, (MUDr. Ján Dráč)",+421905623594@orangemail.sk
Lekáreň NIKA,lekarennika@gmail.com
"Všeobecná ambulancia pre deti a dorast, MUDr. Žaneta Dančišinová, Michalovce, (Dorotea, s. r. o.)",dancisinova.zaneta@gmail.com 
Lekáreň AMBRA,lekambra@lekambra.sk
Lekáreň BEATRIX, lekaren.beatrix@apothekeslovakia.sk
Lekáreň AUPARK,auparkza@schneider-lekaren.sk
Lekáreň Dr. Max,drmax-za3@drmax.sk
Lekáreň Dr. Max,drmax-za1@drmax.sk
EKOLEKÁREŇ,zilina@ekolekaren.sk
Lekáreň EVA,lekarenevasucany@gmail.com
Lekáreň FERULA,ferulasro@gmail.com
Lekáreň INSPE,lekaren@lekareninspe.sk
Lekáreň KOLEČKO,lekaren@lekarenkolecko.sk
Lekáreň IDA,lekarenidamt@gmail.com
Lekáreň LIETAVSKA LÚČKA,lekarenll@seznam.cz
Lekáreň NA HRADNEJ,gogolova@lm.psg.sk
Lekáreň V KLINCI,lekarenvklinci@gmail.com
Lekáreň MÁRIA,info@lekarenmaria.sk
Lekáreň PRI STAREJ PK,lekarenp@gmail.com
Lekáreň RONDEL,lekarenrondel@gmail.com
Lekáreň Kolečko 2,lekarensalve34@gmail.com
Lekáreň SVRČINOVEC,lekaren@svrcinovec.eu
Lekáreň POLIKLINIKA,lekarenrajec@gmail.com
Lekáreň SENIUM MEDICA,lekaren-medica@senium.sk
Lekáreň ZDRAVIE,zdravievital@slovanet.sk
Lekáreň VIOLA,lekarenviola329@gmail.com
"Ambulancia všeobecného lekára pre dospelých, DOKTOR s.r.o., Rožňava, Rožňava, (D O K T O R s.r.o.)",dr.harhovska@gmail.com
Lekáreň CLAUDIUS GALENUS,lekaren.claudius.galenus@gmail.com
Lekáreň PEDAG,lekaren@pedag.sk
"Všeobecná ambulancia pre dospelých, MUDr. Norbert Michalák, Boťany, (COOLMEDEX, s. r. o.)",norbert.michalak@centrum.sk
Lekáreň V TESCO KOMÁRNICKÁ,lekarentescokomarnicka@gmail.com
"Všeobecná ambulancia pre dospelých, MUDr. Peter Strhák, Bratislava-Ružinov, (PS Medical Care, s.r.o.)",sestra@medicalcare.sk
"Všeobecná ambulancia pre dospelých, Moldava nad Bodvou, (Tamice, s.r.o.)",ambulancia.ratvajova@gmail.com
"Všeobecná ambulancia pre dospelých, Pernek, (Dapur s. r. o.)",recepty.kuchyna@gmail.com 
"Centrum sociálnych služieb - Bôrik (CSS - Bôrik), Žltá 319",info@csspravno.sk
Lekáreň ŠALVIA,lekarensalviaba@gmail.com
"Ambulancia zubného lekárstva, MUDr. Mária Šimkovičová, Bratislava-Nové Mesto, (G-DENT Sk, s.r.o.)",simkovicova@gdent.sk
"Ambulancia zubného lekárstva, Trebišov, (AlaDent s.r.o.)",aladent@aladent.sk
"Ambulancia zubného lekárstva, MDDr. Oleksandra Rohach, Kežmarok, (Dens KK, s. r. o.)",ambulancia@denskk.sk
Výdajňa zdravotníckych pomôcok KA-MA,kamavydajna@gmail.com
"Centrum sociálnych služieb Žarec, Čierne 156",elarisova@vuczilina.sk
Lekáreň SOFIA,lekarensofia@pobox.sk
"ImunoVital Centrum, Bratislava-Ružinov, (IMUNOSPORT s. r. o.)",info@imunovital.sk 
Lekáreň Dr. Max,drmax313@drmax.sk
"SVaLZ, rádiológia, Zvolen, (ALFAMEDIA  s. r. o.)",alfamedia.zvolen@abdg.sk
Lekáreň BELLIS,lekaren.bellis.lv@apothekeslovakia.sk
Lekáreň Pod topoľmi,lek.podtopolmi@gmail.com
Lekáreň BENU,benu72@benulekaren.sk
"Ambulancia pediatrickej kardiológie, MUDr. Peter Truchlý, Považská Bystrica, (Nemocnica s poliklinikou Považská Bystrica so sídlom v Považskej Bystrici)",detska.kardiologia@nemocnicapb.sk
VÝDAJŇA ORTOPEDICKO-PROTETICKÝCH ZDRAVOTNÍCKYCH POMÔCOK,r.nagy@markont.sk
"Psychiatrická ambulancia, MUDr. Eva Bubeníková, Bratislava-Ružinov, (VIA SPIRITUS s. r. o.)",viaspiritus.amb@gmail.com
"Všeobecná ambulancia pre deti a dorast, Vysoké Tatry, (DOTTORE, s.r.o.)",dottorepp@gmail.com
"Ambulancia zubného lekárstva, Námestovo, (PEDAX, spol. s.r.o.)",lazovskadagmar@gmail.com 
"Všeobecná ambulancia pre dospelých, Maňa, (MEDANEST s.r.o.)",milos.bartko@gmail.com
"Mesto Liptovský Mikuláš, Komenského 2128",erika.sabakova@mikulas.sk
AdLa plus lekáreň,moscatisro@gmail.com
VZP ZDRAVAB,zdravabke@gmail.com
"Všeobecná ambulancia pre dospelých, Jelenec, (Kmedical s.r.o.)",korcekova.ambulancia@gmail.com
Mesto Ružomberok,ruzomberok@ruzomberok.sk
Domov n.o.,dss.velkepole@gmail.com
Domov n.o.,dss.velkepole@gmail.com
Domov n.o.,dss.velkepole@gmail.com
Lekáreň AGAPÉ,lekarenagape@lekarenagape.sk
Domov n.o.,dss.velkepole@gmail.com
Domov n.o.,dss.velkepole@gmail.com
Lekáreň BENU,benu55@benulekaren.sk
"Ambulancia zubného lekárstva, Liptovský Mikuláš, (Alexia creative Liptov s.r.o.)",alexiacreativeliptov@gmail.com
Lekáreň V BILLA NOBELOVO NÁMESTIE,lekarennobelovo@gmail.com
"RoyalDent, Košice-Myslava, (LUMY DENT s.r.o.)",info@royaldent.sk
"Ambulancia všeobecného praktického lekára, Bratislava-Staré Mesto, (MUDr. Peter Lipták)",liptak@vld.sk
"Všeobecná ambulancia pre dospelých, MUDr. Mária Vargová, Košice-Staré Mesto, (Artemis DH s.r.o.)",ambulanciavargova@gmail.com
"Gastroenterologická ambulancia, Martin, (GASTRO-MED, s.r.o.)",ambulancia.gastromed@gmail.com
"Ambulancia klinickej psychológie, PhDr. Gabriela Lukáčová, Košice-Staré Mesto, (PhDr. Gabriela Lukáčová)",lukacova.gabriela@centrum.sk
"Všeobecná ambulancia pre deti a dorast, MUDr. Helena Igazová, Veľké Kapušany, (I.L.V. med s.r.o.)",dr.igazova@azet.sk
"ILMED s.r.o, Kráľovský Chlmec, (ILMED s.r.o.)",ilmedchlmec@gmail.com
"Endokrinologická a diabetologická ambulancia, Martin, (EndoDiaMed, s. r. o.)",endodiamed@gmail.com 
"SVaLZ, rádiológia, MUDr.Jozef Kašuba,CSc, Martin, (SONO - KAŠUBA, s. r. o.)",sonokasuba@gmail.com
"Všeobecná ambulancia pre dospelých, MUDr. Ján Janočko, Valaliky, (MUDr. Ján Janočko)",janocko.jan@zoznam.sk
"Gynekologická ambulancia, MUDr.Anna Vilčinská, Nižná, (MUDr. Anna Vilčinská)",a.vilcinska@orava.sk
"Oftalmologická ambulancia, MUDr. Ondrej Jurčišin, Spišská Nová Ves, (JTM oko s.r.o.)",jjaskova2@gmail.com
"JSM, s.r.o., Moldava nad Bodvou, (JSM s. r. o.)",ocnemoldava@gmail.com
"Reumatologická ambulancia, MUDr. Danica Naňová, Rožňava, (BONNART s.r.o.)",mudr.danica.nanova@gmail.com
"Všeobecná ambulancia pre dospelých, MUDr. Ján Béreš, Košice-Juh, (JLB DOCTOR s. r. o.)",jlbdoktor@centrum.sk
"SVaLZ, rádiológia, MUDr. Ľubica Legiňová, Košice-Nad jazerom, (GYNEKO PLUS, s. r. o.)",gynendo@centrum.sk
"Všeobecná ambulancia pre deti a dorast, MUDr. Alena Kotláriková, Bratislava-Ružinov, (AAK, Centrum starostlivosti, s.r.o.)",ambulaak@gmail.com
"Ambulancia pediatrickej kardiológie, MUDr. Jarmila Kardošová , Čadca, (MICARD, s.r.o.)",kardosova.jarmila@gmail.com
"Všeobecná ambulancia pre deti a dorast, MUDr. Monika Rochová, Michalovce, (EUROCH s.r.o.)",rochova@post.sk
Lekáreň Dr. Max,drmax280@drmax.sk
"Ambulancia vnútorného lekárstva, MUDr. Lucia Lomenčíková, Martin, (MUDr. Alena Lomenčíková, s.r.o.)",dia.lomencikova@gmail.com
"Ambulancia fyziatrie, balneológie a liečebnej rehabilitácie, Turzovka, (IMPULZ fyziatricko-rehabilitačné zariadenie, s. r. o.)",info@rehabilitacia-turzovka.sk 
"Špecializovaná ambulancia, služby zdravia pri práci, Kysucké Nové Mesto, (RUMEDIKA, s.r.o.)",recepel123@gmail.com
"Ambulancia vnútorného lekárstva, MUDr. Ľubica Vrždiaková, Martin, (EndoDiaMed, s. r. o.)",endodiamed@gmail.com 
"Ambulancia zubného lekárstva, MUDr. Peter Machaj, Dolný Kubín, (MUDr. MACHAJ PETER, s.r.o.)",mudrmachajpeter@gmail.com
"Ambulancia fyziatrie, balneológie a liečebnej rehabilitácie, Kysucké Nové Mesto, (ARCUS, s.r.o.)",rehabilitacia.arcus@gmail.com
"Ambulancia zubného lekárstva, MUDr. Mikuláš Bežovský, Lekárovce, (BEMISTOMA s.r.o.)",bemistoma@gmail.com
"Všeobecná ambulancia pre dospelých, MUDr. František Horný, Trebišov, (HORNMED, s. r. o.)",doktorhorny@centrum.sk
"Všeobecná ambulancia pre dospelých, MUDr. Júlia Šverhová, Krompachy, (HOMED s.r.o.)",julia.sverhova@gmail.com
"Všeobecná ambulancia pre dospelých, Ružomberok, (Artemeda, s.r.o.)",artemedark@gmail.com
"Všeobecná ambulancia pre deti a dorast, MUDr. Karolína Zahradníková, Bratislava-Petržalka, (U LEKÁRA s.r.o.)",ulekara2@gmail.com
"Všeobecná ambulancia pre dospelých, MUDr. Andrej Zahradník, Bratislava-Petržalka, (U LEKÁRA s.r.o.)",ulekara.zahradnik@gmail.com
"Všeobecná ambulancia pre deti a dorast, MUDr. Mariana Kudlová, Valaliky, (MUDr. Mariana Kudlová)",m.kudlova@gmail.com
"Ambulancia zubného lekárstva, Rajecké Teplice, (MUDr. Andrea Trégerová)",andreatregerova@zoznam.s
"Všeobecná ambulancia pre dospelých, Liptovský Mikuláš, (ISNIUS s.r.o.)",predpislieku@gmail.com
Lekáreň BENU,benu80@benulekaren.sk
"ADOS, Daniela Dlabača, Žilina, (ADOS Mária, s.r.o.)",adoscibulkova@gmail.com
"Ambulancia zubného lekárstva, Liptovský Mikuláš, (MUDr. Dubovský, s.r.o.)", dubanka1@azet.sk 
"Všeobecná ambulancia pre dospelých, MUDr. Mária Spišáková, Moldava nad Bodvou, (archiMEDES s. r. o.)",archimedes.mudr@gmail.com
"Všeobecná ambulancia pre dospelých, Ružomberok, (HEALTH FACTORY, s.r.o.)",amb.piovarciova@gmail.com
"Všeobecná ambulancia pre dospelých, MUDr. Agata Šventová , SAPMED, s.r.o.), Ružomberok, (SAPMED, s.r.o.)",ambulancia.sapmed@gmail.com
"Všeobecná ambulancia pre dospelých, MUDr. Martin Pančuchár, Lokca, (HIRUMED, s.r.o.)",hirumedambulancia@gmail.com
"Ambulancia klinickej psychológie, Liptovský Mikuláš, (PhDr. Kata Piačková)",kata.piackova@post.sk
"Neurologická ambulancia, MUDr. Eva Kyčinová, Žilina, (Neuroprax, s.r.o.)", neuroprax1@gmail.com
"Kardiologická ambulancia, MUDr. Ján Beniač, Žilina, (MEDIVASA, s.r.o.)",kardio@medivasa.sk
"Všeobecná ambulancia pre dospelých, MUDr.Jana Bačinská, Žilina, (MEDIVASA, s.r.o.)",vseo2@medivasa.sk
"Všeobecná ambulancia pre deti a dorast, Žilina, (KardioPrakt, s.r.o.)",doktor@sagal.sk 
"Ambulancia vnútorného lekárstva, MUDr. Marián Boček , Ružomberok, (Oáza relax, s.r.o.)",oazarelax@gmail.com
"Chirurgická ambulancia, MUDr.Mlynárik Stanislav, Ružomberok, (MUDr. Stanislav Mlynárik)",s.mlynarik@gmail.com
"Všeobecná ambulancia pre dospelých, MUDr. Veronika Šefčíková, Kysucké Nové Mesto, (VS medical s.r.o.)",ambulancia@vsmedical.sk
"Ambulancia vnútorného lekárstva, Kysucké Nové Mesto, (RUMEDIKA, s.r.o.)",recepel123@gmail.com
"Gynekologická ambulancia, Martin, (TOM-GYN, s.r.o.)",info@tomgyn.sk
"Otorinolaryngologická ambulancia, Kráľovský Chlmec, (LEXUM M.H.L. s.r.o.)",l.hurcik@gmail.com
"Všeobecná ambulancia pre dospelých, Trebišov, (LOCUSMED s.r.o.)",salamonovamaria@post.sk
"Otorinolaryngologická ambulancia, MUDr. Ing. Popreňák Martin, Spišská Nová Ves, (Ambulancia krčno ušno nosová s.r.o.)",r.toporcerova@azet.sk
"Urologická ambulancia, Žilina, (UROPRAX, s.r.o.)",objednaturoprax@gmail.com
"Kardiologická ambulancia, Žilina, (MUDr. Anna Cholujová, s.r.o.)",acholujova@gmail.com 
"Tkanivové zariadenie, Kollárova, Martin, (ISCARE, a.s.)",iscare@iscare-martin.sk 
"Jednodňová zdravotná starostlivosť, gynekológia a pôrodníctvo, Martin, (ISCARE, a.s.)",iscare@iscare-martin.sk 
"Všeobecná ambulancia pre deti a dorast, MUDr. Ľubov Makohusová, Michalovce, (MAMEDICAL s. r. o.)",makohus@centrum.sk
"Angiologická (cievna) ambulancia, MUDr. Kolesár, Michalovce, (KORAMA, s. r. o.)",kolesar.angiolog@gmail.com
"Kardiologická ambulancia, MUDr. Mária Gofusová, Michalovce, (MUDr. Mária Gofusová)",maria.gofusova@gmail.com
Lekáreň ANJA,lekaren@lekarenanja.sk
Lekáreň PHARMACUM PLUS,lekaren.banovce@apothekeslovakia.sk
"Otorinolaryngologická ambulancia, MUDr. Lýdia Sliacka, Prievidza, (SaliMed, s.r.o.)",drsliackaorl@gmail.com
"Ambulancia vnútorného lekárstva, MUDr. Eva Nováková, Spišská Nová Ves, (EVAN - MED s. r. o.)",evanmedsnv@mail.com
EUROLEKÁREŇ,europharmacy@europharmacy.sk
"Všeobecná ambulancia pre dospelých, MUDr. Jana Blahová, Žilina, (KRANKAS s.r.o.)",krankas@krankas.sk
"Ortopedická ambulancia,, Zlaté Moravce, (Nemocnica AGEL Zlaté Moravce a.s.)",chirurgia@nemocnicamoravce.sk
"Yoki, s.r.o., Na Karlove 3718",yokisro@gmail.com 
Lekáreň AGEL Levice,lekaren.steris@nlv.agel.sk
Lekáreň PRI NEMOCNICI,prinemocnicihandlova@gmail.com
"Všeobecná ambulancia pre dospelých, MUDr. Ľudovít Tomaga, Margecany, (ARBOR VITAE s.r.o.)",skst.margecany@gmail.com
"Ambulancia vnútorného lekárstva, MUDr. Ľudovít Tomaga, Margecany, (ARBOR VITAE s.r.o.)",skst.margecany@gmail.com
"Všeobecná ambulancia pre dospelých, Žilina, (OPHTHAMED, s.r.o.)",a41864@napislekarovi.sk 
"Poliklinika, Bratislavská cesta, Žilina, (KRANKAS s.r.o.)",krankas@krankas.sk
Nemocničná lekáreň s výdajom verejnosti,lekaren.vcielka@dfnkosice.sk
"Ambulancia vnútorného lekárstva, Ružomberok, (MUDr. Eva Svozilová, s.r.o.)",dr.svozilova@gmail.com
Lekáreň IGNATIA,ignatia@ignatia.sk
"Všeobecná ambulancia pre deti a dorast, MUDr. Adriána Nováková, Trebišov, (ADRIAS s. r. o.)",pediater@adrias.sk 
"Ambulancia zubného lekárstva, ambulancia dentálnej hygieny, Párnica, (edent s.r.o.)",zaparnica@gmail.com
Spolu sme Prievidza,michal@michaldobias.sk
"Občianske združenie Svätého Lazara, Dedovec 1747",renata.valasikova@gmail.com
Lekáreň PRI MASARYČKÁCH, lekaren.primasaryckach@omegalekaren.sk
"Všeobecná ambulancia pre dospelých, Oravské Veselé, (MUDr. Júlia  Olexíková)",olexikovajulia@gmail.com
"Psychiatrická ambulancia, Pezinok, (MASSAREI s.r.o.)",massarei.psych@gmail.com
"Ambulancia klinickej psychológie, PhDr. Jozef Ďanovský, Martin, (Via Sano, s.r.o.)",viasanomt@gmail.com
"Chirurgická ambulancia, Čadca, (Kysucká nemocnica s poliklinikou Čadca)",chir-ambulancia@kysuckanemocnica.sk
"Kardiologická ambulancia, Čadca, (Kysucká nemocnica s poliklinikou Čadca)",kardio@kysuckanemocnica.sk
"Ambulancia klinickej onkológie, Čadca, (Kysucká nemocnica s poliklinikou Čadca)",lamos@kysuckanemocnica.sk
"Ambulancia vnútorného lekárstva, MUDr. Jana Masliková, Čadca, (Kysucká nemocnica s poliklinikou Čadca)",maslikova@kysuckanemocnica.sk
"Gastroenterologická ambulancia, MUDr. Tatiana Nehajová, Čadca, (Kysucká nemocnica s poliklinikou Čadca)",gastro@kysuckanemocnica.sk
"Otorinolaryngologická ambulancia, MUDr. Ján Martiška, Čadca, (Kysucká nemocnica s poliklinikou Čadca)",orl@kysuckanemocnica.sk
"Pediatrická ambulancia, Čadca, (Kysucká nemocnica s poliklinikou Čadca)",detskaprijmova@kysuckanemocnica.sk
"Geriatrická ambulancia, Čadca, (Kysucká nemocnica s poliklinikou Čadca)",geriatrickaambulancia@kysuckanemocnica.sk
"Ambulancia anestéziológie a intenzívnej medicíny, Čadca, (Kysucká nemocnica s poliklinikou Čadca)",anesteziologickaambulancia@kysuckanemocnica.sk
"Neurologická ambulancia, Čadca, (Kysucká nemocnica s poliklinikou Čadca)",neurologickaambulancia@kysuckanemocnica.sk
"Otorinolaryngologická ambulancia, MUDr. Katarína Paveleková, Žilina, (KRANKAS s.r.o.)",krankas@krankas.sk
"Chirurgická ambulancia, MUDr. Stanislav Holeša, Žilina, (KRANKAS s.r.o.)",krankas@krankas.sk
"Ortopedická ambulancia, MUDr. Gražyna Gállová, Žilina, (KRANKAS s.r.o.)",krankas@krankas.sk
"Psychiatrická ambulancia, MUDr. Anna Škottová, Žilina, (KRANKAS s.r.o.)",krankas@krankas.sk
"Ambulancia klinickej psychológie, Mgr. Ivana Senková, Žilina, (KRANKAS s.r.o.)",krankas@krankas.sk
"Ambulancia pracovného lekárstva, MUDr. Pavol Moravčík, Žilina, (KRANKAS s.r.o.)",krankas@krankas.sk
"SVaLZ, rádiológia, MUDr. Daša Klobušiaková, Žilina, (KRANKAS s.r.o.)",rtg@krankas.sk
"SVaLZ, fyziatria, balneológia a liečebná rehabilitácia,MUDr. Eva Špániková, Žilina,, Žilina, (KRANKAS s.r.o.)",krankas@krankas.sk
"Ambulancia fyziatrie, balneológie a liečebnej rehabilitácie,MUDr. Eva Špániková, Žilina, Žilina, (KRANKAS s.r.o.)",krankas@krankas.sk
"Všeobecná ambulancia pre dospelých, MUDr. Andrea Bošelová, Martin, (Rafaelo s.r.o.)",ambulancia.boselova@seznam.cz
"Chirurgická ambulancia, Kletsko Lyubomyr, Martin, (SVIT-MED, s.r.o)",l.klecko100@gmail.com
"SVaLZ, fyziatria, balneológia a liečebná rehabilitácia, Bratislava-Nové Mesto, (EUROREHAB s.r.o.)",eurorehab.tehelna@gmail.com
"Jednodňová zdravotná starostlivosť, chirurgia, MUDr. Jozef Babala PhD, Bratislava-Staré Mesto, (EUROMED, s.r.o.)",jednodnovachirurgia@gmail.com
"Jednodňová zdravotná starostlivosť, anestéziológia a intenzívna medicína, MUDr. Tomáš Hrtánek, Bratislava-Staré Mesto, (EUROMED, s.r.o.)",jednodnovachirurgia@gmail.com
"ImunoVital Centrum, Bratislava-Ružinov, (IMUNOSPORT s. r. o.)",info@imunovital.sk 
"Mesto Myjava, Trokanova 236",jana.galikova@myjava.sk
Mesto Myjava,podatelna@myjava.sk
Ing. Jaroslav Smatana,smatasonic@seznam.cz
"Radiačná onkológia - ortopedickí pacienti, Žilina, (Fakultná nemocnica s poliklinikou Žilina)",kecskes@fnspza.sk
"Všeobecná ambulancia pre dospelých, MUDr. Andrea Kovácsová, Čierna nad Tisou, (Dentilux, s.r.o.)",klad@centrum.sk
"Všeobecná ambulancia pre deti a dorast, MUDr. Eva Horňáková, Sečovce, (DENTAPED, spol. s r.o.)",dentaped@atknet.sk
"Asociácia zväzov zdravotne postihnutých v Trenčíne, Bezručova 1330",azzpriaditel@gmail.com
"Domov n. o., Partizánske, Nádražná 649",domovpartizanske@gmail.com
"HARMÓNIA n.o., Košovská cesta 59",kvrablova67@gmail.com 
"Jazmín n.o., Ferka Nádaždyho 103",jazmin.mrazova@gmail.com
"Jazmín n.o., Partizánska 143",jazmin.mrazova@gmail.com
"Mesto Nové Mesto nad Váhom, Trenčianska ulica 2288",utulok@nove-mesto.sk
"ORL -  ušno, nosovo, krčná ambulancia , Dolný Kubín, (ORL medicentrum s.r.o.)",orlambulancia.dk@gmail.com
"Mesto Nové Mesto nad Váhom, Ulica J. Kollára 342",msu@nove-mesto.sk
"Mesto Partizánske, Rudolfa Jašíka 160",ludmila.fremalova@partizanske.sk
"Mesto Partizánske, Rudolfa Jašíka 160",ludmila.fremalova@partizanske.sk
"Mesto Partizánske, Družstevná 833",ludmila.fremalova@partizanske.sk
Mesto Partizánske,ludmila.fremalova@partizanske.sk
"Centrum sociálnych služieb Terchová, Havrania 35",martina.lasutova@vuczilina.sk
Mesto Partizánske,ludmila.fremalova@partizanske.sk
"Mesto Partizánske, Námestie SNP 212",ludmila.fremalova@partizanske.sk
Mesto Partizánske,ludmila.fremalova@partizanske.sk
"Mesto Partizánske, Námestie SNP 212",ludmila.fremalova@partizanske.sk
"Diecézna charita Žilina, Kukučínova 1987",charitaza@gmail.com
Mesto Partizánske,ludmila.fremalova@partizanske.sk
"NOVÝ DOMOV n. o., Ulica K. Kuzmányho 700",info@novy-domov.com
"NOVÝ DOMOV n. o., Ulica K. Kuzmányho 700",info@novy-domov.com
"PENZION JESEŇ, n. o.",penzionjesen@gmail.com
"SENIOR Nitrianske Rudno, n.o.",seniornr@seniornr.sk
"Slovenský Červený kríž, Územný spolok Trenčín, Stromová 2539",trencin@redcross.sk
"Sociálne služby Myjava, n.o., Hoštáky 671",dssusvit@gmail.com
Stredisko Evanjelickej DIAKONIE Domov dôchodcov a Domov sociálnych služieb Kšinná,ddksinna@pbi.sk
"Stredisko Evanjelickej DIAKONIE Košeca, Bytovky 898",info@diakoniakoseca.sk
"STREDISKO SOCIÁLNYCH SLUŽIEB KANIANKA, n.o., Nová 596",ssskanianka@gmail.com
Účelové zariadenie cirkvi BÉTEL Vrbovce,fara.vrbovce@gmail.com
Účelové zariadenie cirkvi BÉTEL Vrbovce,fara.vrbovce@zoznam.sk
"Mesto Partizánske, Februárová 152",ludmila.fremalova@partizanske.sk
"Centrum sociálnych služieb - BYSTRIČAN, Zakvášov 1935",info@cssbystrican.sk
Centrum sociálnych služieb - SLOVEN,info@csssloven.sk
Domov sociálnych služieb - Zemianske Podhradie,info@csspodhradie.sk
Mesto Nová Dubnica,cizova@novadubnica.sk
"Mesto Nová Dubnica, Trenčianska 80",vankova@novadubnica.sk; cizova@novadubnica.sk
Mesto Nová Dubnica,vankova@novadubnica.sk
Centrum sociálnych služieb - LIPA,"igor.sumaj@csslipa.sk, info@csslipa.sk"
Obec Horná Súča,hornasuca@hornasuca.sk
Centrum sociálnych služieb,ddskalka@gmail.com
"SPOKOJNOSŤ - centrum sociálnych služieb, n. o., Ulica J. Jesenského 449",spokojnost@ispokojnost.sk
"SPOKOJNOSŤ - centrum sociálnych služieb, n. o., Ulica J. Jesenského 449",dessuet@ispokojnost.sk
Mesto Považská Bystrica,zdena.danizova@povazska-bystrica.sk
"Mesto Považská Bystrica, SNP 1444",zdena.danizova@povazska-bystrica.sk
"Mesto Považská Bystrica, Športovcov 2115",zdena.danizova@povazska-bystrica.sk
Mesto Považská Bystrica,zdena.danizova@povazska-bystrica.sk
Mesto Prievidza,emilia.cavojska@prievidza.sk
Mesto Prievidza,emilia.cavojska@prievidza.sk
Mesto Prievidza,emilia.cavojska@prievidza.sk
"Mesto Prievidza, Bojnická cesta 409",emilia.cavojska@prievidza.sk
"Mesto Prievidza, Ulica T. Vansovej 529",emilia.cavojska@prievidza.sk
"Mesto Prievidza, Ulica F. Hečku 316",emilia.cavojska@prievidza.sk
"Mesto Prievidza, Podhorská ulica 399",emilia.cavojska@prievidza.sk
"Mesto Prievidza, Na záhumní 422",emilia.cavojska@prievidza.sk
"Mesto Prievidza, Pekná ulica 201",emilia.cavojska@prievidza.sk
"Mesto Dubnica nad Váhom, Bratislavská 435",primator@dubnica.eu
Mesto Dubnica nad Váhom,olga.carachova@dubnica.eu
"Mesto Dolný Kubín, Obrancov mieru 1769",socialne@dolnykubin.sk
"Mesto Dubnica nad Váhom, Bratislavská 434",alena.masarova@dubnica.eu
Mesto Dubnica nad Váhom,olga.carachova@dubnica.eu
"Mesto Dubnica nad Váhom, Bratislavská 435",alena.masarova@dubnica.eu
"Mesto Dubnica nad Váhom, ČSA 1187",alena.masarova@dubnica.eu
"Mesto Dubnica nad Váhom, Prejtská 112",alena.masarova@dubnica.eu
"Zariadenie pre seniorov, Lánska 957",riaditel@zpslanska.sk  
"Centrum sociálnych služieb - Juh, Liptovská 3134",veronika.strakova@csstrencin.sk
"Zariadenie pre seniorov - Domov dôchodcov Bojnice, Janka Kráľa 574",riaditel@seniordombojnice.sk
"Zariadenie pre seniorov - Domov dôchodcov Bojnice, Janka Kráľa 574",riaditel@seniordombojnice.sk
Zariadenie pre seniorov - Domov dôchodcov Bojnice,riaditel@seniordombojnice.sk
Obec Partizánska Ľupča,ou@partizanskalupca.com
Obec Nitrianske Pravno,prednosta@nitrianskepravno.sk
"Centrum sociálnych služieb - KOLONKA, J. Smreka 486",info@csskolonka.sk
"PE - ES, n. o.",lubicageczyova@gmail.com
"Centrum sociálnych služieb - Lednické Rovne, Medňanská 80",info@csslednicke.sk
"Centrum sociálnych služieb - Jesienka, Staromyjavská 889",hana.feriancova@cssmyjava.sk ; info@cssmyjava.sk
Obec Horná Ves,obechornaves@atlas.sk
Obec Horná Poruba,obechp@gmail.com
Obec Horná Poruba,obechp@gmail.com
Obec Lazy pod Makytou,starosta@lazypodmakytou.sk
"Centrum sociálnych služieb - Chmelinec, Hoštínska 1620",info@csschmelinec.sk
"Centrum sociálnych služieb - Bánovce nad Bebravou, Textilná 900","richard.makys@cssbanovce.sk, info@cssbanovce.sk"
"Domov dôchodcov, Námestie hrdinov 12",domovdochodcovchynorany@gmail.com
Obec Malinová,olga.kovacova@bojnice.sk
Obec Lúky,katarina.repata@obecluky.sk 
Obec Horná Lehota,ouhornalehota@orava.sk
"Centrum sociálnych služieb - DOMOV JAVORINA, Školská 344",maria.loffayova@cssjavorina.sk
"Centrum sociálnych služieb - DOMINO, Veterná ulica 259","iveta.laukova@cssdomino.sk, info@cssdomino.sk"
"Centrum sociálnych služieb - DOMINO, Veterná ulica 259","iveta.laukova@cssdomino.sk, info@cssdomino.sk"
Obec Mestečko,obecmestecko@obecmestecko.sk
"Centrum sociálnych služieb - DOMINO, Veterná ulica 259","iveta.laukova@cssdomino.sk, info@cssdomino.sk"
Domov sociálnych služieb - Adamovské Kochanovce,jana.pondusova@csskochanovce.sk
"Zariadenie pre seniorov Nová Dubnica, Trenčianska 727",zpsnovadubnica@dcnet.sk
"HUMANITY-Centrum sociálnej pomoci, Ulica odbojárov 181","info@csphumanity.sk, lubomir.valovic@csphumanity.sk"
"Mesto Brezová pod Bradlom, V Jarku 725",mesto@brezova.sk
"HUMANITY-Centrum sociálnej pomoci, Nábrežie sv. Metoda 122","info@csphumanity.sk, lubomir.valovic@csphumanity.sk"
Obec Kľačno,klacno@prievidzanet.sk
Mesto Trenčianske Teplice,zuzana.valaskova@teplice.sk
Mesto Brezová pod Bradlom,plackova@brezova.sk
"Mesto Brezová pod Bradlom, Námestie 7.apríla 410",plackova@brezova.sk
"Sociálne služby mesta Trenčín, m. r. o., M. Nešporu 216",ssmtn@ssmtn.sk
"Sociálne služby mesta Trenčín, m. r. o., Piaristická 271",ssmtn@ssmtn.sk
"Sociálne služby mesta Trenčín, m. r. o.",ssmtn@ssmtn.sk
"Sociálne služby mesta Trenčín, m. r. o.",ssmtn@ssmtn.sk
"Charita - dom sv. Vincenta, n. o., Košovská cesta 60",charitapd@gmail.com
"Charita - dom sv. Vincenta, n. o., Košovská cesta 60",charitapd@gmail.com
"DOBRÝ PASTIER - KLÁŠTOR POD ZNIEVOM, o.z., M. Čulena 199",ozdobrypastier@gmail.com
Drahuška a my...,drahuskovo@drahuskovo.sk
Drahuška a my...,drahuskovo@drahuskovo.sk
Drahuška a my...,drahuskovo@drahuskovo.sk
Drahuška a my...,drahuskovo@drahuskovo.sk
Drahuška a my...,drahuskovo@drahuskovo.sk
"Zariadenie pre seniorov Dubina, mestská rozpočtová organizácia, Pod hájom 1291",riaditel@dubina.org
"Zariadenie pre seniorov Dubina, mestská rozpočtová organizácia, Prejtská 131",riaditel@dubina.org
"Zariadenie pre seniorov Prievidza, Ulica J. Okáľa 773",riaditel@zps-prievidza.sk 
"Zariadenie pre seniorov Prievidza, Ulica M. Rázusa 1266",riaditel@zps-prievidza.sk 
"Centrum sociálnych služieb v Novom Meste nad Váhom, Bernolákova ulica 604",info@cssnovemesto.sk
"Centrum sociálnych služieb v Novom Meste nad Váhom, Bernolákova ulica 604",info@cssnovemesto.sk
"Centrum sociálnych služieb - Bôrik (CSS - Bôrik), Žltá 319",info@csspravno.sk
Obec Trenčianska Turná,zps@trencianskaturna.sk
Obec Trenčianska Turná,starosta@trencianskaturna.sk
Obec Trenčianska Turná,starosta@trencianskaturna.sk
"Zariadenie pre seniorov - Domov sociálnych služieb Tulipán, n. o.",bibiana@bax.sk
"Centrum sociálnych služieb - Riviéra, n. o.",hromadova8@post.sk
"Agentúra sociálnych služieb - ASS n. o., Gagarinova 1261","sass.dubnica@azet.sk, ass.dubnica@gmail.com"
"Agentúra sociálnych služieb - ASS n. o., Gagarinova 1261",ass.dubnica@gmail.com
Obec Trenčianska Teplá,erika.gerekova@trencianskatepla.sk
Obec Považany,podatelna@obec-povazany.sk
"Mesto Stará Turá, 8.apríla 217",socialne@staratura.sk
Obec Kočovce,oukocovce@kocovce.sk
"Obec Beluša, Farská 1157",prednosta@belusa.sk
Obec Beluša,prednosta@belusa.sk
"Obec Čachtice, Malinovského 427",zos@cachtice.sk
Obec Čachtice,obec@cachtice.sk
"Zariadenie opatrovateľskej služby ""NEZÁBUDKA"", Hurbanova 621",riaditel@zosnezabudka.sk
"Archa, n.o., 5. apríla 792",archabn@gmail.com
"Denné Centrum Frézia Partizánske n. o., Veľká Okružná 1107",michaela.kros@gmail.com
Domov sociálnych služieb - Púchov - Nosice,info@cssnosice.sk
Domov sociálnych služieb - Púchov - Nosice,info@cssnosice.sk
Centrum sociálnych služieb - NÁDEJ,frantisek.martaus@cssdolnylieskov.sk
"Centrum sociálnych služieb - DEMY, Biskupická 2046",info@demytrencin.sk ; tibor.gavenda@demytrencin.sk
AUTIS,helena.vlnkova@autis.sk
Centrum sociálnych služieb - NÁDEJ,frantisek.martaus@cssdolnylieskov.sk
"Aliis, n. o., J. Braneckého 130",aliis.stacionar@gmail.com
Obec Bolešov,marta.miklovicova@ilava.sk
Stredisko Evanjelickej DIAKONIE Domov sociálnych služieb - Prameň,szilvia@diakonia.sk
Mesto Handlová,socialne@handlova.sk
Obec Lysá pod Makytou,obec@lysapodmakytou.sk
Obec Jasenica,obec@jasenica.sk
Mesto Bánovce nad Bebravou,bujnova@banovce.sk
Mesto Handlová,handlova@handlova.sk
"Mesto Handlová, SNP 52",handlova@handlova.sk
Mesto Handlová,socialne@handlova.sk
Obec Lazany,obec@lazany.sk
Obec Lazany,obec@lazany.sk
Obec Bošany,bosany@bosany.sk
Obec Ladce,starosta@ladce.sk
Mesto Ilava, anna.bakosova@ilava.sk
Obec Zliechov,marta.miklovicova@ilava.sk
Obec Dulov,obec@dulov.sk
Obec Pravotice,ocu@obecpravotice.sk
Obec Podolie,starosta@podolie.sk
Obec Kameničany,obecnyurad@kamenicany.sk
Obec Bohunice,info@obecbohunice.sk
Mesto Bojnice,sekretariat@bojnice.sk
"Mesto Bojnice, Školská 369",sekretariat@bojnice.sk
Obec Ráztočno,starosta@obecraztocno.sk
Obec Jalovec,obec.jalovec@jalovec.eu
Obec Rybany,obec@rybany.sk
"Mesto Púchov, Námestie slobody 1400",primator@puchov.sk
Obec Horné Srnie,starosta@hornesrnie.sk
Obec Uhrovec,obec@uhrovec.sk
Obec Uhrovec,obec@uhrovec.sk
Obec Nedašovce,ocunedasovce@centrum.sk
Obec Bobot,starostka@bobot.sk
Obec Diviacka Nová Ves,podatelna@diviackanovaves.sk
Obec Veľký Klíž,starostavelkykliz@wircom.sk
Obec Lipník,obeclipnik@lipnik.sk
Obec Podhradie,podhradie@prievidzanet.sk
Obec Čereňany,cerenany@cerenany.sk
Obec Dolné Vestenice,starosta@dolnevestenice.sk
StarDOS n.o.,info@stardos.sk
StarDOS n.o.,info@stardos.sk
Obec Veľké Uherce,obecvelkeuherce@velkeuherce.sk
"StarDOS n.o., Gen. M. R. Štefánika 379",info@stardos.sk
Obec Veľké Uherce,obecvelkeuherce@velkeuherce.sk
Obec Dolné Kočkovce,obec_dk@slovanet.sk
Obec Diviaky nad Nitricou,obec@diviaky.sk
Obec Seč,starosta@obecsec.sk
Obec Kolačno,starosta@kolacno.sk
Obec Hrašné,obec@obechrasne.sk
Obec Tužina,obec@tuzina.sk
Obec Kostolná Ves,ocukostolnaves@mail-t.com
Obec Trenčianske Mitice,starosta@trencianskemitice.sk 
Obec Liešťany,ocu@liestany.sk
Obec Hradište,starosta@obec-hradiste.sk
Obec Veľké Kršteňany,obecvelkekrstenany@gmail.com 
"Ing. Jaroslav Smatana, Partizánska 1131",smatasonic@seznam.cz
Obec Valaská Belá,obec@valaskabela.sk
"SENIOR CENTRUM HANDLOVÁ, n.o., Márie Krššákovej 1107",seniorcentrum@handlova.sk
"HUBERTUS n. o., 17.novembra 308",riaditel@hubertusno.sk
"HUBERTUS n. o., Trenčianska 451",riaditel@hubertusno.sk
"Spoločná úradovňa samosprávy, n. o.; SÚS n. o.",sus.nmnv@gmail.com
"IRIS-IV,n.o.",irisivno@gmail.com
"Domov n. o., Partizánske, Nádražná 649",domovpartizanske@gmail.com
Lekáreň ASTRA,lekastraruzinov@gmail.com
"Všeobecná ambulancia pre deti a dorast, Prešov, (CHAVAKIAŠ s.r.o.,)",martina.moravcikova@yahoo.com
"Všeobecná ambulancia pre dospelých, Nitra, (Hippokratés s.r.o.)",mudr.hippova@gmail.com
"Mesto Handlová, Morovnianska cesta 1866",handlova@handlova.sk; socialne@handlova.sk
"ADOS, Jána Milca, Žilina, (ADOS LH, s.r.o.)",doktorkalubina@gmail.com
Obec Papradno,roman.spanihel@papradno.sk
ARIES MEDISHOP,bratislava@aries.eu
Lekáreň Dr. Max,drmax-za4@drmax.sk
"THUASNE MEDICAL, s.r.o.",medicalba@thuasne.sk
Akustik plus s.r.o.,vydajna.bratislava@akustik.sk
"Centrum sociálnych služieb - Bánovce nad Bebravou, Textilná 900","richard.makys@cssbanovce.sk, info@cssbanovce.sk"
"Angiologická ambulancia, Žilina, (MEDIVASA, s.r.o.)",angio1@medivasa.sk
"Ambulancia diabetológie a porúch látkovej premeny a výživy, MUDr. Ľudmila Bosiková, Žilina, (MEDIVASA, s.r.o.)",dia2@medivasa.sk
"Centrum sociálnych služieb - Juh, Liptovská 3134",veronika.strakova@csstrencin.sk
"Všeobecná ambulancia pre dospelých, MUDr. Adela Gallová, Martin, (PROVITAE, s.r.o.)",provitae1@gmail.com 
"Centrum sociálnych služieb - Lednické Rovne, Medňanská 80","janka.jezova@csslednicke.sk, info@csslednicke.sk"
"Centrum sociálnych služieb - Bôrik (CSS - Bôrik), Žltá 319",info@csspravno.sk
Lekáreň Dr. Max,drmax-za6@drmax.sk
"Centrum sociálnych služieb v Novom Meste nad Váhom, Bernolákova ulica 604",info@cssnovemesto.sk
Pobočka verejnej lekárne PEDAG Istebné,istebne.lekaren@pedag.sk
"Centrum sociálnych služieb - Jesienka, Staromyjavská 889",hana.feriancova@cssmyjava.sk
Centrum sociálnych služieb - Nová Bošáca,info@cssbosaca.sk
Centrum sociálnych služieb - NÁDEJ,frantisek.martaus@cssdolnylieskov.sk; info@cssdolnylieskov.sk
"MUDr.Eva Zembjaková,s.r.o., Hruštín, (MUDr. Eva Zembjaková, s.r.o.)",eva.zembjakova@centrum.sk
"Všeobecná ambulancia pre dospelých, Liptovská Teplá, (BELLA – MEDIK s. r. o.)",bellamediksro@gmail.com
"Mesto Lučenec, Ulica Jókaiho 95",ivana.jasenkova@lucenec.sk 
Lekáreň Dr.Max,drmax-pe1@drmax.sk
Lekáreň Panacea,lekaren.panacea.vk@apothekeslovakia.sk
Lekáreň Dr.Max,drmax295@drmax.sk
"MUDr. Petra ITZE, Bratislava-Ružinov, (FRAMEDIC, s. r. o.)",framedic.ambulancia@gmail.com 
"Ambulancia fyziatrie, balneológie a liečebnej rehabilitácie, Bratislava-Ružinov, (MEDANTE Clinic, s.r.o.)", recepcia@medante.sk
"Otorinolaryngologická ambulancia, Richard Kulich, Bratislava-Ružinov, (AURICULA s. r. o.)",orl.ambulancia@gmail.com
"Mobilné odberové miesto, Kysucké Nové Mesto, (Unitest 3, s. r. o.)",momunitest3@gmail.com
"ABAWI spol. s r.o., Bratislava-Vrakuňa, (ABAWI spol. s r.o.)",abawisro@gmail.com
"Všeobecná ambulancia pre dospelých, Bratislava-Petržalka, (Medirect s.r.o.)",doktorkaaja@gmail.com
"Neurologická ambulancia, MUDr. Miriam Gažiová, Bratislava-Ružinov, (NEURO-EEG, s. r. o.)",neuroeeg.sro@gmail.com
"Stoma SA, s.r.o., Bratislava-Pod.Biskup., (Stoma SA, s. r. o.)",kontakt@zubna-ambulancia.com
"Ambulancia klinickej psychológie, Pezinok, (Psyché, s.r.o.)",info@psychesro.sk
"Všeobecná ambulancia pre dospelých, Bratislava-Staré Mesto, (DANUMED, s. r. o.)",daniela.geljenova@gmail.com
"ProSmile Clinic s.r.o., Bratislava-Ružinov, (ProSmile Clinic, s. r. o.)",prosmile@prosmile.sk
"Všeobecná ambulancia pre dospelých, MUDr. Ivan Očadlík, PhD., Bratislava-Pod.Biskup., (MUDr. Očadlík, s.r.o.)",ambulancia.ocadlik@gmail.com
"Ambulancia všeobecného lekárstva a vnútornej medicíny, Nová Dedinka, (K - Clinic, s. r. o.)",kkiss@k-clinic.sk
"Ambulancia čeľustnej ortopédie, Bratislava-Petržalka, (DentaDerm s.r.o.)",recepcia@dentaderm.sk
"Všeobecná ambulancia pre dospelých, Senec, (CLINIC s.r.o.)",striskosencakova@gmail.com
"Ambulancia klinickej psychológie, PhDr. Martina Bačová, Bratislava-Rača, (PhDr. Martina Bačová)",www.psychologickesluzby.sk
"OpiDENT s.r.o., Bratislava-Petržalka, (opiDENT s. r. o.)",opident@opident.sk
"Ambulancia zubného lekárstva, Bratislava-Petržalka, (Family Dental Care - Budatínska s. r. o.)",Office@familydentalcare.sk
"Súkromná gynekologická ambulancia Gynaex, Bratislava-Ružinov, (GYNAEX s.r.o.)",info@gynaex.sk
"Mgr. Emília Štrbová, Školská, Slovenský Grob, (Mgr. Emília Štrbová)",e.strbova@sgados.sk
"ADOS, Športové Nám., Lozorno, (ADOS – FÉNIX s.r.o.)",adosfenix@gmail.com
"Ambulancia zubného lekárstva, MUDr. Andrea Wiedermann,MSc., Bratislava-Petržalka, (wiedermann s.r.o.)",wiedermannsro@gmail.com
"Všeobecná ambulancia pre dospelých, Bratislava-Dúbravka, (MUDr. Darina Šteffeková s.r.o.)",ambulancia.dubravka@vaslekar.sk
"Všeobecná ambulancia pre dospelých, Bratislava-Rača, (ELMA Medical, s. r. o.)",j.marcekova@gmail.com
"Psychiatrická ambulancia, Bratislava-Dúbravka, (ASTEROID s.r.o.)",dubnickoak@gmail.com 
"Všeobecná ambulancia pre dospelých, Bratislava-Rača, (MEDITIS s. r. o.)",tvoja.ambulancia@gmail.com
"Všeobecná ambulancia pre dospelých, Bratislava-Nové Mesto, (mediZon s. r. o.)",info@medizon.org
"Všeobecná ambulancia pre dospelých, MUDr. Katarína Sollárová, Bratislava-Ružinov, (SollarMED s. r. o.)",info@sollarmed.sk
"Alba Dental Clinic s.r.o., Bratislava-Staré Mesto, (Alba Dental Clinic s. r. o.)",info@albadental.sk
"Ambulancia pracovnej, organizačnej a dopravnej psychológie, Bratislava-Trnávka, DPB, a.s., Bratislava-Nové Mesto, (Dopravný podnik Bratislava, akciová spoločnosť)",psycholog@dpb.sk
"Všeobecná ambulancia pre deti a dorast, MUDr. Petra Džuppová, Bratislava-Ružinov, (DETSKÁ AMBULANCIA, s.r.o.)",mojalekarka@gmail.com
"Oftalmologická ambulancia, MUDr. Marián Halás ml. PhD., Bratislava-Nové Mesto, (UVEA, s. r. o.), Bratislava-Nové Mesto, (UVEA, s. r. o.)",uveasro@gmail.com
"Psychiatrická ambulancia, Bratislava-Petržalka, (PSYCHOSALUS, s.r.o.)",psychosalus@gmail.com
"Ambulancia zubného lekárstva, Bratislava-Karlova Ves, (DentiClinic s. r. o.)",info@denticlinic.sk
"Ambulancia zubného lekárstva, MDDr. Marcel Zaid, Bratislava-Nové Mesto, (Adam-Dent s.r.o.)",adent@adent.sk
"BeneDerma sro, Dermatovenerologická ambulancia, Bratislava-Dúbravka, (BeneDerma s. r. o.)",benederma@gmail.com
"Dermatovenerologická ambulancia, Bratislava-Ružinov, (MUDr. Taťjana Špačinská)",Ambulancia od 1.1.2023 zatvorená/zrušená 
"PhDr.Alena Opálená-SVaLZ, fyzioterapia, Bratislava-Nové Mesto,, Bratislava-Nové Mesto, (MUDr. Alena Opálená)",alena@rehabilitacia.eu
"Všeobecná ambulancia pre dospelých, MUDr. Michaela Randušková, Bratislava-Vrakuňa, (Mimedicus s.r.o.)",ambmimedicus@gmail.com
"Ambulancia zubného lekárstva, Bratislava-Nové Mesto, (PreVašeZuby s.r.o.)",bollovamo@gmail.com
"Všeobecná ambulancia pre dospelých, Kuchyňa, (Dapur s. r. o.)",recepty.kuchyna@gmail.com 
"Ambulancia klinickej logopédie - PaedDr. Katarína Púllová, Bratislava-Ružinov, (PaedDr. Katarína Púllová)",logoped@chello.sk
"Urologická ambulancia, Bratislava-Petržalka, (Uromedik, s. r. o.)",urolambulancia@gmail.com
"MUDr. Ceconíková - Všeobecná ambulancia pre dospelých, Bratislava-Ružinov, (adlatus, s. r. o.)",dr.ceconikova@gmail.com 
"Všeobecná ambulancia pre dospelých, Bratislava-Petržalka, (Kapmed, s. r. o.)",doktorka.kapustova@gmail.com
"Psychiatrická ambulancia, MUDr. Tatiana Magová, Bratislava-Staré Mesto, (MENTAL COMFORT s. r. o.)",mental.comfort@gmail.com
"Ambulancia zubného lekárstva, Bratislava-Nové Mesto, (StomEst s.r.o.)",stomest@stomest.sk 
Lekáreň Dr.MAX,drmax312@drmax.sk
Lekáreň Dr.Max,drmax278@drmax.sk
Lekáreň Dr.Max,drmax378@drmax.sk
"Všeobecná ambulancia pre deti a dorast, Bratislava-Rača, (E-MEDIC, s.r.o.)",doktorka@pediaterraca.sk 
"Všeobecná ambulancia pre dospelých, MUDr.Kokavcová Andrea, Bratislava-Ružinov, (Medi-Ko Ružinov, s. r. o.)",medikoruzinov@gmail.com
"Neštátna Ortopedická Ambulancia, Zohor, (MUDr. Gilbert Maurille Houndjo)",ghoundjo@hotmail.com
"Ambulancia zubného lekárstva, Bratislava-Ružinov, (MUDr. Dagmar Nikulinová)",nikulinova.dada@gmail.com
"Ambulancia diabetológie a porúch látkovej premeny a výživy, MUDr. Adriana Ilavská, PhD., MBA, MPH, Bratislava-Petržalka, (MEDISPEKTRUM s.r.o.)",ambulancia@medispektrum.com 
"Ambulancia klinickej logopédie, Bratislava-Rača, (PhDr. Barbara Králiková)",logopedia.klinicka@gmail.com
"Ambulancia vnútorného lekárstva, MUDr. Danica Ďurkovská, Pezinok, (GERIN s.r.o.)",ambulanciagerin@gmail.com
"Ambulancia zubného lekárstva, Bratislava-Ružinov, (MUDr. Klára Fischerová)",fischer@ivankanet.sk
"PROKTOVENA by Dr. Ištok- chirurgické centrum, Bratislava-Nové Mesto, (MEDICHIR s.r.o.)",recepcia@proktovena.sk
"Ambulancia zubného lekárstva, MDDr. Roman Nemeček, Bratislava-Nové Mesto, (SI-DENTAL GROUP, s. r. o.)",sidentalsro@gmail.com
"Ambulancia diabetológie a porúch látkovej premeny a výživy, doc. MUDr. Ľubomíra Fábryová, PhD. MPH, Bratislava-Staré Mesto, (Metabol KLINIK s.r.o.)",ambulancia@metabolklinik.sk
"DERMA junior, Bratislava-Karlova Ves, (DERMA junior, s.r.o.)",dermajunior.karlovka@gmail.com
"Všeobecná ambulancia pre deti a dorast, Dlhé Diely, Bratislava-Karlova Ves, (Medical Art s.r.o.)",mudr.kelbelova@gmail.com
"Všeobecná ambulancia pre dospelých, MUDr.Belicová Margita, Bratislava-Petržalka, (B-MED s.r.o.)",recepty.belicova@gmail.com 
"Detská dermatovenerologická ambulancia DERMASON, MUDr. Soňa Federičová, Bratislava-Ružinov, (DERMASON, s.r.o.)",recepcia@dermason.sk
"Všeobecná ambulancia pre dospelých, ESCULAP- F s.r.o. MUDr Fulová Iveta, Bratislava-Petržalka, (ESCULAP - F, s. r. o.)",receptyesculapf@gmail.com
"Všeobecná ambulancia pre dospelých, MUDr. Martina Rutaiová, Bratislava-Dev.Nová Ves, (Všeobecný lekár DNV, s.r.o.)",vseobecnylekardnv@gmail.com
"Všeobecná ambulancia pre dospelých, Bratislava-Nové Mesto, (MD plus spol. s r.o.)",margareta.cernakova@gmail.com
"Všeobecná ambulancia pre dospelých, MUDr. Andrea Michalková, Bratislava-Staré Mesto, (MUKTAMED s.r.o.)",info@muktamed.sk
"Všeobecná ambulancia pre deti a dorast, MUDr. Pirčová Soňa, Malacky, (PLDD - NANI, spol. s r.o.)",amb.plddnani@gmail.com
"Psychiatrická ambulancia, MUDr. Martina Koyšová, Bratislava-Petržalka, (Mentálne zdravie s.r.o.)",mentalzdravie@gmail.com
"Všeobecná ambulancia pre deti a dorast, MUDr. Anna Popracová, Bratislava-Staré Mesto, (MUDr. Anna Popracová, s.r.o.)",detskelekarky@gmail.com 
"Všeobecná ambulancia pre dospelých, Bratislava-Staré Mesto, (Ambulancia MUDr. Viery Blahunkovej, s.r.o)",viera.blahunkova@gmail.com
"Všeobecná ambulancia pre dospelých, MUDr. Iveta Plšeková, Bratislava-Petržalka, (Vitality s.r.o.)",plsekova@sustekova.sk
"Medicentrum Teslova 33, Bratislava-Ružinov, (MUDr. Viktor Kráľ)",viktor.kral123@gmail.com
"Ambulancia čeľustnej ortopédie, Bratislava-Ružinov, (Ortodentik, s.r.o.)",ortodoncia@ortodentik.sk
"MUDr. Silvia Turányiová, Bratislava-Staré Mesto, (Všeobecná ambulancia PLUS s.r.o.)",sestra@turanyiova.sk
"Všeobecná ambulancia pre dospelých, MUDr. Gabriela Horáčková, Bratislava-Petržalka, (MUDr. Gabriela Horáčková)",ambulanciahorackova@gmail.com
"Zubná ambulancia Veľký Biel, s.r.o., Veľký Biel, (Zubná ambulancia Veľký Biel, s. r. o.)",mclinic.velkybiel@gmail.com
"Ambulancia akupunktúry, MUDr. Danuša Siveková, Bratislava-Ružinov, (MUDr. Danuša Siveková)",sivekova@sivekova.sk
"ProSmile Clinic, Bratislava-Ružinov, (JD.DENTISTY, s. r. o.)",prosmile@prosmile.sk
"ProSmile Clinic s.r.o., Bratislava-Ružinov, (ProSmile Clinic, s. r. o.)",prosmile@prosmile.sk
"Všeobecná ambulancia pre dospelých, MUDr. Zuzana Čečetková, Bratislava-Ružinov, (Amsta s. r. o.)",mudr.cecetkova@gmail.com
"Všeobecná ambulancia pre dospelých, Bratislava-Ružinov, (MUDr. Anna Rozborová)",anna.rozborova1@gmail.com
"Všeobecná ambulancia pre dospelých, MUDr. Zuzana Krivošíková, Malinovo, (PRADOS s.r.o.)",info@doktormalinovo.sk
"Ambulancia zubného lekárstva, MUDr. Anna Zagoršeková, Bratislava-Nové Mesto, (MUDr. Anna Zagoršeková)",zagorsekova@yahoo.com
"Gynekologická ambulancia, Bratislava-Ružinov, (GYNLINE s.r.o.)",gynline.sro@gmail.com
"Chirurgická ambulancia, MUDr. Marian  Gális, Bratislava-Rača, (MUDr. Marian Galis)",mariangalis@upcmail.sk
"Všeobecná ambulancia pre dospelých, Poprad, (MUDr. Marta Pavelková, s.r.o.)",pavelkova.marta.med@gmail.com
"Ambulancia zubného lekárstva, Bratislava-Staré Mesto, (MUDr. Pavel Šubert)",psubert@gmail.com
"Chirurgická ambulancia, MUDr. Marek Ševčík, Bratislava-Ružinov, (LUMED, s.r.o.)",chirurgialumed@gmail.com
"Gynekologická ambulancia, Malacky, (STARGYN s.r.o.)",miroslav.frus@zoznam.sk
"DENTAL CENTRUM NIVY, Bratislava-Ružinov, (DENTAL STUDIO spol. s r.o.)",info@dentalcentrumnivy.eu
"Ambulancia klinickej onkológie, MUDr. Marián Príbelský CSc, Bratislava-Petržalka, (MUDr. Marián Príbelský)",pribelsky@npba.sk
"Všeobecná ambulancia pre deti a dorast, Bratislava-Staré Mesto, (MUDr. Alexandra Drgoňová)",detiadorast@gmail.com
"Všeobecná ambulancia pre deti a dorast, MUDr. Pirčová Soňa, Malacky, (PLDD - NANI, spol. s r.o.)",amb.plddnani@gmail.com
"Všeobecná ambulancia pre dospelých, MUDr. Helena Ivančová, Bratislava-Dúbravka, (Viatica, s. r. o.)",ambulancia.ivancova@gmail.com
"Medivega sro., Bratislava-Nové Mesto, (Medivega, s. r. o.)",medivega1@gmail.com
"Všeobecná ambulancia pre dospelých, Senec, (Blanro s.r.o.)",ambulancia@blanro.sk
"Všeobecná ambulancia pre dospelých, MUDr. Zuzana Krivošíková, Malinovo, (PRADOS s.r.o.)",info@doktormalinovo.sk
"Všeobecná ambulancia pre deti a dorast, Bratislava-Rača, (Deti a dorast s.r.o.)",info@detiadorastraca.sk
"AHa care s.r.o., MUDr. Alena Haringová, ambulancia zubného lekárstva, Bratislava-Petržalka, (AHa care s. r. o.)",zubarka@aha.care
"ImunoVital Centrum, Bratislava-Ružinov, (IMUNOSPORT s. r. o.)",info@imunovital.sk 
"Stomatologické centrum MySmile, Bratislava-Ružinov, (vkDent s. r. o.)",info@mysmile.sk
Lekáreň Dr.Max,drmax227@drmax.sk
"Psychiatrická ambulancia, Bratislava-Dev.Nová Ves, (REA - Ambulancia psychiatrie a psychoterapie, s. r. o.)",andrea.marsalova@gmail.com
"Centrum sociálnych služieb - DEMY, Biskupická 7707",info@demytrencin.sk
"Všeobecná ambulancia pre dospelých, MUDr. Katarína Palugyayová, Bratislava-Staré Mesto, (CREDO-MED s.r.o.)",credomed331@gmail.com
"Stredisko prof.J.Červeňanského, s.r.o., Záporožská 12, 851 01 Bratislava, Bratislava-Nové Mesto, (Stredisko prof. Jána Červeňanského, s.r.o.)",domacarehabilitacia@gmail.com
"Stredisko prof.J.Červeńanského s.r.o., Vajnorská, Bratislava-Nové Mesto, (Stredisko prof. Jána Červeňanského, s.r.o.)",domacarehabilitacia@gmail.com
"Všeobecná ambulancia pre dospelých, Bratislava-Dúbravka, (MEDIRA, s. r. o.)",esterakubicova@gmail.com
"VESELY Očná Klinika, Bratislava-Staré Mesto, (VESELY Očná Klinika, s.r.o.)",info@veselyok.com
"VESELY Očná Klinika, Hroncova, Košice-Sever, (VESELY Očná Klinika, s.r.o.)",info@veselyok.com
"Gastroenterologická ambulancia, MUDr. Peter Slezák, Bratislava-Nové Mesto, (SYMED s.r.o.)",symed.info@gmail.com
"VESELY Očná Klinika, Bratislava-Staré Mesto, (VESELY Očná Klinika, s.r.o.)",info@veselyok.com
"Chirurgická ambulancia, Kletsko Lyubomyr, Martin, (SVIT-MED, s.r.o)",l.klecko100@gmail.com
"Všeobecná ambulancia pre dospelých, Bratislava-Ružinov, (KHH-MED, s.r.o.)",ambulancia@khh.doctor
"Centrum sociálnej starostlivosti Podhorie, n.o.",centrum.podhorie@gmail.com
"Domov dôchodcov Hrachovište, n. o.",ddhrach@gmail.com
"Domov n. o., Partizánske, Nádražná 649",domovpartizanske@gmail.com
"HARMÓNIA n.o., Košovská cesta 58",kvrablova67@gmail.com 
Mesto Partizánske,ludmila.fremalova@partizanske.sk
"SENIOR Nitrianske Rudno, n.o.",seniornr@seniornr.sk
"Sociálne služby Myjava, n.o., Trokanova 236",jana.galikova@myjava.sk
Účelové zariadenie cirkvi BÉTEL Vrbovce,fara.vrbovce@zoznam.sk
"Centrum sociálnych služieb - BYSTRIČAN, M. Kukučína 207",info@cssbystrican.sk
"Centrum sociálnych služieb - BYSTRIČAN, Zakvášov 1935",info@cssbystrican.sk
"Centrum sociálnych služieb - AVE, Športovcov 671",info@cssdubnica.sk
"Mesto Nová Dubnica, Sad duklianskych hrdinov 88",msu@novadubnica.sk
"Mesto Nová Dubnica, Trenčianska 727",vankova@novadubnica.sk; cizova@novadubnica.sk
"SPOKOJNOSŤ - centrum sociálnych služieb, n. o., Ciglianska cesta 2643",dessuet@ispokojnost.sk 
Mesto Prievidza,emilia.cavojska@prievidza.sk
Lekáreň SANUS,sanuspartizanske@gmail.com
"Mesto Dubnica nad Váhom, Moyzesova 396",alena.masarova@dubnica.eu
"Centrum sociálnych služieb - Juh, Liptovská 3134",veronika.strakova@csstrencin.sk
Obec Nitrianske Pravno,prednosta@nitrianskepravno.sk
Obec Lazy pod Makytou,matrika@lazypodmakytou.sk
"Centrum sociálnych služieb - Chmelinec, Hoštínska 1620",info@csschmelinec.sk
Obec Malinová,olga.kovacova@bojnice.sk
"Centrum sociálnych služieb Žarec, M. R. Štefánika 2533",elarisova@vuczilina.sk
Obec Oslany,ocu@oslany.sk
"Centrum sociálnych služieb -  Partizánske, Škultétyho 653",info@csspartizanske.sk
"Centrum sociálnych služieb -  Partizánske, Škultétyho 653",info@csspartizanske.sk
Obec Pruské,starosta@obecpruske.sk
"HUMANITY-Centrum sociálnej pomoci, Viničná ulica 679",info@csphumanity.sk
Obec Košecké Podhradie,kpodhradie@dcnet.sk
Obec Košeca, starosta@koseca.sk
Obec Zlatníky,z.magdolenova@centrum.sk
Obec Pečeňany,z. magdolenova@centrum.sk
Mesto Brezová pod Bradlom,mesto@brezova.sk
Mesto Brezová pod Bradlom,mesto@brezova.sk
"Sociálne služby mesta Trenčín, m. r. o., Lavičková 2383",ssmtn@ssmtn.sk
"Mesto Nemšová, Odbojárov 184",trencan@nemsova.sk
"Mesto Nemšová, Odbojárov 184",trencan@nemsova.sk
"Mesto Myjava, Hoštáky 671",jana.galikova@myjava.sk
"Iskierka nádeje SD, n. o., Pri parku 39",info@iskierkanadeje.sk
"Centrum sociálnych služieb - LIPOVEC, Školská 806",info@csshornesrnie.sk
"Centrum sociálnych služieb - LIPOVEC, Školská 806",info@csshornesrnie.sk
Centrum sociálnych služieb - Nová Bošáca,info@cssbosaca.sk
Centrum sociálnych služieb - Nová Bošáca,info@cssbosaca.sk
Obec Dolná Súča,podatelna@dolnasuca.sk
Obec Dolná Súča,podatelna@dolnasuca.sk
Obec Dolná Súča,podatelna@dolnasuca.sk
"Všeobecná ambulancia pre dospelých, Bratislava-Nové Mesto, (GP STOMEX spol. s r.o.)",lubica.cibulova@nudch.eu
"Centrum sociálnych služieb - Riviéra, n. o.",hromadova8@post.sk
Panda n. o.,panda@zariadeniepreseniorov.eu
"Občianske združenie Čistá duša, Janka Palu 45",trencanovamaria@post.sk
Mesto Stará Turá,socialne@staratura.sk
"Ambulancia zubného lekárstva, Bratislava-Petržalka, (1. DENTÁLNE CENTRUM s. r. o.)",info@1dc.sk
Centrum sociálnych služieb - NÁDEJ,"frantisek.martaus@cssdolnylieskov.sk, info@cssdolnylieskov.sk"
"Centrum sociálnych služieb - DEMY, Biskupická 2046",info@demytrencin.sk ; tibor.gavenda@demytrencin.sk
Obec Nedožery-Brezany,alapechula@gmail.com
Obec Záriečie,obec@zariecie.sk
Obec Dohňany,sekretariat@dohnany.sk
Obec Opatovce nad Nitrou,ocu@opatovcenadnitrou.sk
Obec Tuchyňa,ocu.tuchyna@slovanet.sk
"Mesto Ilava, Mierové námestie 16/31",anna.bakosova@ilava.sk
Obec Pravenec,olga.kovacova@bojnice.sk
Obec Pravenec,olga.kovacova@bojnice.sk
Obec Červený Kameň,urad@cervenykamen.sk
Obec Podolie,starosta@podolie.sk
Obec Kostolec,obeckostolec@centrum.sk 
Obec Sebedražie,starostka@sebedrazie.sk
Obec Slavnica,slavnica@slavnica.sk
Obec Nedožery-Brezany, alapechula@gmail.com
Obec Chrenovec - Brusno,chrenovec@slovanet.sk
Obec Chocholná-Velčice,obec@chocholna-velcice.sk
Mesto Púchov,primator@puchov.sk
Obec Neporadza,obec@neporadza.sk
Obec Trenčianske Jastrabie,starosta@trencianskejastrabie.sk
Obec Uhrovec,obec@uhrovec.sk
Mesto Nováky,podatelna@novaky.sk
Obec Nitrianske Rudno,info@nitrianskerudno.sk
Obec Lehota pod Vtáčnikom,obecnyurad@lehotapodvtacnikom.sk
Obec Streženice,starosta@obecstrezenice.sk
Obec Zamarovce,zamarovce@obeczamarovce.sk
Obec Bystričany,obec@bystricany.sk
"Obec Malé Uherce, Uherecká 110",podatelna@maleuherce.sk
"Spoločná úradovňa samosprávy, n. o.; SÚS n. o.",susnmnv@gmail.com
Obec Cigeľ,starosta@cigel.sk
Obec Dubodiel,starosta@dubodiel.sk
Obec Ivanovce,obec@ivanovce.sk
Obec Nimnica,obec@nimnica.eu
Obec Brvnište,dagmar.mikudikova@brvniste.sk
Obec Skačany,obec@skacany.sk
"SENIOR CENTRUM HANDLOVÁ, n.o., Márie Krššákovej 1107",seniorcentrum@handlova.sk
"Pokoj v duši n. o., Kuzmányho 903",zpskatkapb@gmail.com
Zariadenie sociálnych služieb Obce Horná Mariková,zssobcehornamarikova@gmail.com
"Ambulancia klinickej logopédie, PhDr. Daniela Bittera, Trenčín, (LOGO-BIO, s. r. o.)",logobio.tn@gmail.com
"Dermatovenerologická ambulancia, MUDr. Mária Korcová, Považská Bystrica, (Derma - amb. PB s.r.o.)",dermaamb@gmail.com
"Všeobecná ambulancia pre dospelých, MUDr. Helena Janišová, Trenčín, (HELPraktik s.r.o.)",HELPraktik@gmail.com
"Ambulancia diabetológie a porúch látkovej premeny a výživy, MUDr. Peter Novodvorský PhD., MRCP, Trenčín, (MUDr. Korecová, metabolické centrum s.r.o.)",metabolickecentrumtn@outlook.sk
"Všeobecná ambulancia pre dospelých, MUDr. Mária Králiková, Bánovce nad Bebravou, (MUDr. Mária Králiková)",mkralikova@szm.sk
"Nefrologická ambulancia, Považská Bystrica, (FMC - dialyzačné služby, s.r.o.)",dialyza.pb@fmc-ag.com
"Nefrologická ambulancia, MUDr. Katarína Görögová, Nové Mesto nad Váhom, (FMC - dialyzačné služby, s.r.o.)",katarina.gorogova@fmc-ag.com
"Všeobecná ambulancia pre dospelých MUDr. Gabriela Mikulášová, Uhrovec, (BONUMED s. r. o.)",bonumedsro@gmail.com
"Ambulancia klinickej imunológie a alergológie, MUDr. Ľudmila Uričová, Ilava, (CLINAL, s. r. o.)",uricova@clinal.sk
"ADOS, Horná Súča, (Mgr. Ľuba Slivová)",lubaslivova@gmail.com
"Gynekologická ambulancia, MUDr. Pavol Garaj, Brezová pod Bradlom, (FemiMed, s.r.o.)",dr.pavol.garaj@gmail.com
"Gynekologická ambulancia, MUDr. Pavol Garaj, Vrbovce, (FemiMed, s.r.o.)",dr.pavol.garaj@gmail.com
Pokoj v duši n. o.,zpskatkapb@gmail.com
"DOBROTHERAPY s.r.o., Prievidza, (DOBROTHERAPY s.r.o.)",dobrotherapy@gmail.com
"Rehabilitačná ambulancia MUDr.Martina Sameková, Trenčín, (MUDr. Martina Sameková)",rehabilitaciatn@gmail.com
"Všeobecná ambulancia pre deti a dorast, MUDr. Milan Jamárik, Nové Mesto nad Váhom, (VES - MED, s. r. o.)",vlddnm@protonmail.com
"Všeobecná ambulancia pre dospelých, MUDr. Soňa Sázelová, Trenčín, (BONNE SANTÉ, s.r.o.)",bonnesantesro@gmail.com
"Všeobecná ambulancia pre dospelých, MUDr. Renáta Ráclavská, Nová Bošáca, (MUDr. Renáta Raclavská)",ambulancia.bosaca@gmail.com
"Ambulancia klinickej imunológie a alergológie, MUDr. Mária Balážová, Košice-Juh, (MAMED, s.r.o.)",stebal@centrum.sk
"Všeobecná ambulancia pre dospelých, MUDr. Gabriela Kolesárová, Čaňa, (KOLMED s.r.o.)","gkolesarova@gmail.com,  zscana@gmail.com"
"Všeobecná ambulancia pre dospelých, MUDr. Anton Paľovčík, MPH, Moldava nad Bodvou, (G. Praktik s.r.o.)",lekar@gpraktik.sk 
"Všeobecná ambulancia pre dospelých, MUDr. Eva Dzurovčinová, Veľká Ida, (HELDIA spol. s r. o.)",dzurovcinovaeva@gmail.com
"Všeobecná ambulancia pre dospelých, MUDr. Renáta Raclavská, Bošáca, (MUDr. Renáta Raclavská)",ambulancia.bosaca@gmail.com
"Všeobecná ambulancia pre dospelých, MUDr. Bohuslav Tholt, Dubnica nad Váhom, (MUDr. Bohuslav Tholt)",obvodakdca@gmail.com 
"Detská nefrologická ambulancia, Bojnice, (Nemocnica s poliklinikou Prievidza so sídlom v Bojniciach)",marianna.strecanska@hospital-bojnice.sk 
"Všeobecná ambulancia pre dospelých, Maryna Kirsanova, Brezová pod Bradlom, (POLYMORF  s.r.o.)",maryna.kirsanova@gmail.com
"Ambulancia klinickej psychológie, PaedDr. Klaudia Šanková, Trenčín, (Viadia s.r.o.)",ksankova@hotmail.com
"Oftalmologická ambulancia, MUDr. Ján Sokolík, Trenčín, (Očné centrum Sokolík, s. r. o.)",recepcia@ocnesokolik.sk
"Ambulancia vnútorného lekárstva, MUDr. Dagmar Žáková, Trenčín, (MUDr. Žáková s.r.o.)",mojaobvodna@gmail.com
"Všeobecná ambulancia pre dospelých, MUDr. Dagmar Žáková, Trenčín, (MUDr. Žáková s.r.o.)",mojaobvodna@gmail.com
"Všeobecná ambulancia pre dospelých, MUDr. Zuzana Šulíková, Trenčianska Teplá, (Laugo Med s. r. o.)",ambulancia.tepla@gmail.com  
"Všeobecná ambulancia pre dospelých, Melčice-Lieskové, (SURGE s.r.o.)",info@orechovska.sk
"Ambulancia vnútorného lekárstva, MUDr. Martina Muchová, Sobrance, (DK-med, s.r.o.)",muchovamatka@gmail.com
"Všeobecná ambulancia pre deti a dorast, MUDr. Darina Čiková, Beluša, (ZS Beluša s.r.o)",cikova.ambulancia@gmail.com
"Všeobecná ambulancia pre dospelých, MUDr. Alica Jászberényiová, Púchov, (MEDITAL, s.r.o.)",medital123@gmail.com
"Všeobecná ambulancia pre dospelých, MUDr. Vladimír Kolník, Púchov, (MUDr. Vladimír Kolník)",recept.kolnik@gmail.com
"Ambulancia diabetológie a porúch látkovej premeny a výživy, MUDr. Ľudmila Kubincová, Púchov, (DIA-MED CENTRUM s.r.o.)",diabetolog.puchov@gmail.com
"Všeobecná ambulancia pre dospelých, MUDr. Izabela Kováčová, Rožňava, (MUDr. Izabela Kováčová)",mudr.izabelakovac@gmail.com 
"Ambulancia zubného lekárstva, MUDr. Róbert Mišiak, Dolné Vestenice, (ROMIDENT, s. r. o.)",romidentsro@gmail.com
"Psychiatrická ambulancia, MUDr. Monika Cagáňová, Handlová, (Psyche a empatia s.r.o.)",vancova@seznam.cz ( aj pre účely teleterapie)
"Neurologická ambulancia, MUDr. Ján Trojan, Nováky, (JVT s.r.o.)",neurologia.novaky@gmail.com
"Gynekologická ambulancia, MUDr. Nidal Abutuaima, Prievidza, (GYNFEREA s. r. o.)",gynferea@gynferea.sk
"Všeobecná ambulancia pre dospelých, MUDr. Radmila Reiterová, Nováky, (FORTISCHEM a. s.)",radmila.reiterova@fortischem.sk
"Psychiatrická ambulancia, Považská Bystrica, (Psychické zdravie s.r.o.)",info@psychickezdravie.sk
"Otorinolaryngologická ambulancia, MUDr. Ivana Kucejová, Považská Bystrica, (OtoNew s. r. o.)",otonew.pb@gmail.com
"Ambulancia diabetológie a porúch látkovej premeny a výživy, MUDr. Lucia Gajdošíková, Považská Bystrica, (MED-DIA CENTRUM s.r.o.)",metabology@gmail.com
"Všeobecná ambulancia pre dospelých, MUDr. Zuzana Markotánová, Smižany, (AGRIMONIA, s.r.o.)",agrimonia272@gmail.com
"Otorinolaryngologická ambulancia, MUDr. Dagmar Kalivodová, Považská Bystrica, (MUDr. Dagmar Kalivodová)",foniatriapb@centrum.sk
"Všeobecná ambulancia pre dospelých, MUDr. Jozef Fľak, Považská Bystrica, (JF Med, s.r.o.)",ordinacia.jfmed@gmail.com
"Ambulancia zubného lekárstva, MUDr. Ladislav Kovács, Čierna nad Tisou, (Dentilux, s.r.o.)",klad@centrum.sk
"Ambulancia vnútorného lekárstva, MUDr. Andrea Morová, Stará Turá, (SPAOLO, s. r. o.)",interna.morova@gmail.com
"Gynekologická ambulancia, MUDr. Pavol Durdík, Nové Mesto nad Váhom, (SaluD s.r.o.)",durdikp@salud.sk
"Všeobecná ambulancia pre dospelých, MUDr. Ing. Andrea Staníková, Stará Turá, (ESAMED s. r. o.)",andreaambulancia@gmail.com 
"Ambulancia čeľustnej ortopédie, MUDr. Jozef Galbavý, Stará Turá, (AP ORTHO s. r. o.)",aportho@aportho.sk
"Ambulancia zubného lekárstva, MUDr. Anna Jakubcová, Myjava, (MUDr. Anna Jakubcová)",zajakubcova@gmail.com
"Chirurgická ambulancia, Dlhé Pole, (Sanarelax, s.r.o.)",info@sanarelax.sk
"Všeobecná ambulancia pre dospelých, MUDr. Martin Šebík, Horné Srnie, (NITRAM, s. r. o.)",sebik.ambulancia@slovanet.sk 
"Všeobecná ambulancia pre dospelých, MUDr. Viera Györiová, Dubnica nad Váhom, (MEDICO PLUS, s. r. o.)",ambulancia.viera@gmail.com
"Všeobecná ambulancia pre dospelých, MUDr. Viera Györiová, Ladce, (MEDICO PLUS, s. r. o.)",ambulancia.viera@gmail.com
"Gastroenterologická ambulancia, Gelnica, (MUDr. Mária Macúchová)",machovam@gmail.com
"Všeobecná ambulancia pre deti a dorast, MUDr. Zuzana Lukácsová, Moldava nad Bodvou, (MUDr. Zuzana Lukácsová)",lukacsovazuzana@gmail.com
"Všeobecná ambulancia pre dospelých, MUDr. Beáta Bláhová, Krompachy, (GPMED s.r.o.)",bblahova46@mail.com
"Oftalmologická ambulancia, MUDr. Eva Trizuljaková, Považská Bystrica, (VISTAMET, s. r. o.)",objednavky@vistamet.sk
"Ambulancia Sangre azul - neviditeľné strojčeky - MUDr.Thurzo, Bratislava-Staré Mesto, (Sangre azul s.r.o.)",sangreazul@3Dent.sk
"Ambulancia diabetológie a porúch látkovej premeny a výživy, MUDr. Ľubica Hrachová, Handlová, (MUDr. Ľubica Hrachová)",ambulancia.hrachova@gmail.com
"Ambulancia zubného lekárstva, MUDr. Nataša Hudeková, Považská Bystrica, (MUDr. Nataša Hudeková)",natasa.hudekova54@gmail.com
"Jednodňová zdravotná starostlivosť, oftalmológia, MUDr. Eva Trizuljaková, Považská Bystrica, (VISTAMET, s. r. o.)",objednavky@vistamet.sk
"LEKÁREŇ 24, s.r.o.",lekaren.strecnianska@apothekeslovakia.sk
"Všeobecná ambulancia pre dospelých, MUDr. Gregorová Ida, Bratislava-Ružinov, (PRO BIOS spol. s r.o. neštátna poliklinika)",rodinnylekar@probios.sk
"Dermatovenerologická ambulancia, Bratislava-Ružinov, (PRO BIOS spol. s r.o. neštátna poliklinika)",dermatologia@probios.sk
"Gynekologická ambulancia, MUDr. Vladimír Horák, Bratislava-Ružinov, (PRO BIOS spol. s r.o. neštátna poliklinika)",gynekologia2@probios.sk
"Endokrinologická ambulancia, MUDr. Urbanová Monika, Bratislava-Ružinov, (PRO BIOS spol. s r.o. neštátna poliklinika)",endokrinologia@probios.sk
"Ambulancia vnútorného lekárstva, MUDr. Voržáková, Bratislava-Ružinov, (PRO BIOS spol. s r.o. neštátna poliklinika)",interna@probios.sk
"SVaLZ, fyziatria, balneológia a liečebná rehabilitácia, MUDr Katarína Ščešňáková, Bánovce nad Bebravou, (MEDICARE-BN, s.r.o.)",rehabilitaciabn@gmail.com
"Ambulancia klinickej psychológie, Mgr. Žabkayová, Bratislava-Ružinov, (PRO BIOS spol. s r.o. neštátna poliklinika)",psycholog@probios.sk
"Urologická ambulancia, MUDr. Jozef Dubravický, Bratislava-Ružinov, (PRO BIOS spol. s r.o. neštátna poliklinika)",urologia@probios.sk
"Neurologická ambulancia, MUDr. Rosoľanka Michal, Bratislava-Ružinov, (PRO BIOS spol. s r.o. neštátna poliklinika)",neurologia@probios.sk
"Oftalmologická ambulancia, MUDr. Štúrová, Bratislava-Ružinov, (PRO BIOS spol. s r.o. neštátna poliklinika)",ocna@probios.sk
"Kardiologická ambulancia, MUDr. Akubžánová Eva, Bratislava-Ružinov, (PRO BIOS spol. s r.o. neštátna poliklinika)",kardiologia@probios.sk
"Ambulancia fyziatrie, balneológie a liečebnej rehabilitácie, MUDr. Paulechová, Bratislava-Ružinov, (PRO BIOS spol. s r.o. neštátna poliklinika)",rehabilitacia@probios.sk
"Gynekologická ambulancia, MUDr. Alexandra Zágyiová, Bratislava-Ružinov, (PRO BIOS spol. s r.o. neštátna poliklinika)",gynekologia1@probios.sk
"Všeobecná ambulancia pre deti a dorast, MUDr. Simona Rendková, Bratislava-Ružinov, (SimiPedia s.r.o.)",sestricka.simipedia@gmail.com 
